building,total_kwh,mean_kwh,min_kwh,max_kwh,std_kwh
Hostel,419.93,2.4995833333333333,1.05,3.998,0.8577344020098631
Library,250.257,1.489625,0.51,2.497,0.5848248490291057
